"time","data","ms"
"10:49:09 AM","","1615114149369"
"10:49:16 AM","","1615114156552"
"01:43:41 PM","","1615124621974"
"02:00:07 PM","","1615125607797"
"02:00:35 PM","","1615125635146"
"02:01:41 PM","","1615125701546"
"02:01:54 PM","","1615125714320"
"02:03:02 PM","","1615125782724"
"02:03:17 PM","","1615125797096"
"02:03:50 PM","","1615125830795"
"02:04:08 PM","","1615125848950"
"02:05:10 PM","","1615125910255"
"02:05:51 PM","","1615125951592"
"02:06:32 PM","","1615125992006"
"02:06:39 PM","","1615125999791"
"02:06:59 PM","","1615126019804"
"02:07:36 PM","","1615126056291"
"02:07:55 PM",,1615126075904